,High Card Hand Occurrences,High Card Theoretical Probability,High Card Empirical Probability,High Card Expected Occurrences,High Card Empirical Probability Mean,High Card Empirical Probability Variance,High Card Absolute Empirical Max and Min Probability Range,High Card High Deviation Intervals,High Card Hand Occurrences Mean,High Card Absolute Theoretical and Empirical Probability Difference Mean,High Card Expected Hand Occurrences Per Interval,High Card Absolute Theoretical and Empirical Probability Variance,High Card Skewness,High Card Hand Occurrence Variance,Single Pair Hand Occurrences,Single Pair Theoretical Probability,Single Pair Empirical Probability,Single Pair Expected Occurrences,Single Pair Empirical Probability Mean,Single Pair Empirical Probability Variance,Single Pair Absolute Empirical Max and Min Probability Range,Single Pair High Deviation Intervals,Single Pair Hand Occurrences Mean,Single Pair Absolute Theoretical and Empirical Probability Difference Mean,Single Pair Expected Hand Occurrences Per Interval,Single Pair Absolute Theoretical and Empirical Probability Variance,Single Pair Skewness,Single Pair Hand Occurrence Variance,Double Pair Hand Occurrences,Double Pair Theoretical Probability,Double Pair Empirical Probability,Double Pair Expected Occurrences,Double Pair Empirical Probability Mean,Double Pair Empirical Probability Variance,Double Pair Absolute Empirical Max and Min Probability Range,Double Pair High Deviation Intervals,Double Pair Hand Occurrences Mean,Double Pair Absolute Theoretical and Empirical Probability Difference Mean,Double Pair Expected Hand Occurrences Per Interval,Double Pair Absolute Theoretical and Empirical Probability Variance,Double Pair Skewness,Double Pair Hand Occurrence Variance,Three of a Kind Hand Occurrences,Three of a Kind Theoretical Probability,Three of a Kind Empirical Probability,Three of a Kind Expected Occurrences,Three of a Kind Empirical Probability Mean,Three of a Kind Empirical Probability Variance,Three of a Kind Absolute Empirical Max and Min Probability Range,Three of a Kind High Deviation Intervals,Three of a Kind Hand Occurrences Mean,Three of a Kind Absolute Theoretical and Empirical Probability Difference Mean,Three of a Kind Expected Hand Occurrences Per Interval,Three of a Kind Absolute Theoretical and Empirical Probability Variance,Three of a Kind Skewness,Three of a Kind Hand Occurrence Variance,Straight Hand Occurrences,Straight Theoretical Probability,Straight Empirical Probability,Straight Expected Occurrences,Straight Empirical Probability Mean,Straight Empirical Probability Variance,Straight Absolute Empirical Max and Min Probability Range,Straight High Deviation Intervals,Straight Hand Occurrences Mean,Straight Absolute Theoretical and Empirical Probability Difference Mean,Straight Expected Hand Occurrences Per Interval,Straight Absolute Theoretical and Empirical Probability Variance,Straight Skewness,Straight Hand Occurrence Variance,Flush Hand Occurrences,Flush Theoretical Probability,Flush Empirical Probability,Flush Expected Occurrences,Flush Empirical Probability Mean,Flush Empirical Probability Variance,Flush Absolute Empirical Max and Min Probability Range,Flush High Deviation Intervals,Flush Hand Occurrences Mean,Flush Absolute Theoretical and Empirical Probability Difference Mean,Flush Expected Hand Occurrences Per Interval,Flush Absolute Theoretical and Empirical Probability Variance,Flush Skewness,Flush Hand Occurrence Variance,Full House Hand Occurrences,Full House Theoretical Probability,Full House Empirical Probability,Full House Expected Occurrences,Full House Empirical Probability Mean,Full House Empirical Probability Variance,Full House Absolute Empirical Max and Min Probability Range,Full House High Deviation Intervals,Full House Hand Occurrences Mean,Full House Absolute Theoretical and Empirical Probability Difference Mean,Full House Expected Hand Occurrences Per Interval,Full House Absolute Theoretical and Empirical Probability Variance,Full House Skewness,Full House Hand Occurrence Variance,Four of a Kind Hand Occurrences,Four of a Kind Theoretical Probability,Four of a Kind Empirical Probability,Four of a Kind Expected Occurrences,Four of a Kind Empirical Probability Mean,Four of a Kind Empirical Probability Variance,Four of a Kind Absolute Empirical Max and Min Probability Range,Four of a Kind High Deviation Intervals,Four of a Kind Hand Occurrences Mean,Four of a Kind Absolute Theoretical and Empirical Probability Difference Mean,Four of a Kind Expected Hand Occurrences Per Interval,Four of a Kind Absolute Theoretical and Empirical Probability Variance,Four of a Kind Skewness,Four of a Kind Hand Occurrence Variance,Straight Flush Hand Occurrences,Straight Flush Theoretical Probability,Straight Flush Empirical Probability,Straight Flush Expected Occurrences,Straight Flush Empirical Probability Mean,Straight Flush Empirical Probability Variance,Straight Flush Absolute Empirical Max and Min Probability Range,Straight Flush High Deviation Intervals,Straight Flush Hand Occurrences Mean,Straight Flush Absolute Theoretical and Empirical Probability Difference Mean,Straight Flush Expected Hand Occurrences Per Interval,Straight Flush Absolute Theoretical and Empirical Probability Variance,Straight Flush Skewness,Straight Flush Hand Occurrence Variance,Royal Flush Hand Occurrences,Royal Flush Theoretical Probability,Royal Flush Empirical Probability,Royal Flush Expected Occurrences,Royal Flush Empirical Probability Mean,Royal Flush Empirical Probability Variance,Royal Flush Absolute Empirical Max and Min Probability Range,Royal Flush High Deviation Intervals,Royal Flush Hand Occurrences Mean,Royal Flush Absolute Theoretical and Empirical Probability Difference Mean,Royal Flush Expected Hand Occurrences Per Interval,Royal Flush Absolute Theoretical and Empirical Probability Variance,Royal Flush Skewness,Royal Flush Hand Occurrence Variance,Number of Trials
Simulation 1,4964,0.5011774,0.4964,5011.774,0.4967539849999999,3.07e-05,0.029200000000000004,1,248.2,0.005433055000000006,250.5887,2.07e-05,-1.7010729,139.26,4250,0.422569,0.425,4225.69,0.4240955800000001,1.96e-05,0.024399999999999977,1,212.5,0.002843430000000008,211.28449999999998,1.39e-05,2.220286,130.65,480,0.047539,0.048,475.39,0.049100515000000004,7.1e-06,0.011714300000000004,1,24.0,0.001765195000000001,23.7695,6.4e-06,2.3354916,18.2,210,0.0211285,0.021,211.28500000000003,0.020347375000000004,5.9e-06,0.0086154,0,10.5,0.0016237250000000001,10.564250000000001,3.9e-06,-1.9497566,9.15,64,0.0039246,0.0064,39.246,0.0071425449999999975,3e-07,0.002266699999999999,0,3.2,0.003217945,1.9623000000000002,3e-07,1.0918068,2.86,23,0.0019654,0.0023,19.654,0.0020399850000000002,0.0,0.0007067999999999998,0,1.15,0.00013999500000000004,0.9827,0.0,0,0.4275,8,0.0014406,0.0008,14.406,0.00045316000000000003,1e-07,0.0008,0,0.4,0.0009874400000000002,0.7203,1e-07,-0.7414222,0.34,1,0.0002401,0.0001,2.4010000000000002,6.687500000000001e-05,0.0,0.0001818,0,0.05,0.000173225,0.12005,0.0,0,0.0475,0,1.39e-05,0.0,0.139,0.0,0.0,0.0,0,0.0,1.3900000000000008e-05,0.0069500000000000004,0.0,0,0.0,0,1.5e-06,0.0,0.015000000000000001,0.0,0.0,0.0,0,0.0,1.4999999999999996e-06,0.00075,0.0,0,0.0,10000
Simulation 2,5012,0.5011774,0.5012,5011.774,0.5039295650000001,3.49e-05,0.030000000000000027,2,250.6,0.004669905000000002,250.5887,2.07e-05,-2.6676489,125.24,4217,0.422569,0.4217,4225.69,0.42488073999999987,4.02e-05,0.030222200000000032,1,210.85,0.0030510600000000056,211.28449999999998,3.63e-05,3.6433801,83.3275,486,0.047539,0.0486,475.39,0.043718614999999995,7.8e-06,0.009266699999999996,0,24.3,0.003983114999999998,23.7695,6.5e-06,0.0811808,22.01,191,0.0211285,0.0191,211.28500000000003,0.018871415,1.6e-06,0.004266699999999998,0,9.55,0.0022570850000000016,10.564250000000001,1.6e-06,-1.0216167,12.0475,65,0.0039246,0.0065,39.246,0.006732125,8e-07,0.004,0,3.25,0.0028075249999999995,1.9623000000000002,8e-07,2.9336686,1.4875,18,0.0019654,0.0018,19.654,0.001283135,3e-07,0.0018824,0,0.9,0.0006822649999999999,0.9827,3e-07,-1.3664209,0.69,9,0.0014406,0.0009,14.406,0.00057442,2e-07,0.0010769,0,0.45,0.0008661799999999997,0.7203,2e-07,-0.4789204,0.4475,1,0.0002401,0.0001,2.4010000000000002,5e-06,0.0,0.0001,0,0.05,0.00023509999999999997,0.12005,0.0,0,0.0475,1,1.39e-05,0.0001,0.139,5e-06,0.0,0.0001,0,0.05,1.7510000000000007e-05,0.0069500000000000004,0.0,0,0.0475,0,1.5e-06,0.0,0.015000000000000001,0.0,0.0,0.0,0,0.0,1.4999999999999996e-06,0.00075,0.0,0,0.0,10000
Simulation 3,4979,0.5011774,0.4979,5011.774,0.49481224,2.68e-05,0.020666700000000038,5,248.95,0.007196349999999999,250.5887,1.55e-05,0.4128521,86.3475,4239,0.422569,0.4239,4225.69,0.426278165,3.15e-05,0.029000000000000026,2,211.95,0.004989635000000023,211.28449999999998,2.04e-05,0.5858419,89.6475,480,0.047539,0.048,475.39,0.04613906500000001,1.62e-05,0.019000000000000003,1,24.0,0.0021431050000000006,23.7695,1.36e-05,-3.7082007,23.0,195,0.0211285,0.0195,211.28500000000003,0.020783425,2e-06,0.005142900000000002,0,9.75,0.0011638450000000004,10.564250000000001,7e-07,-0.267885,9.9875,71,0.0039246,0.0071,39.246,0.00826373,2.3e-06,0.0061110999999999995,0,3.55,0.00433913,1.9623000000000002,2.3e-06,1.8991391,2.8475,21,0.0019654,0.0021,19.654,0.0025500300000000004,3e-07,0.002,0,1.05,0.0005846299999999999,0.9827,3e-07,1.2543294,1.5475,13,0.0014406,0.0013,14.406,0.001000155,1e-07,0.0013,0,0.65,0.0004404449999999999,0.7203,1e-07,-3.5578944,0.3275,2,0.0002401,0.0002,2.4010000000000002,0.000173195,0.0,0.0003333,0,0.1,8.998499999999999e-05,0.12005,0.0,0,0.09,0,1.39e-05,0.0,0.139,0.0,0.0,0.0,0,0.0,1.3900000000000008e-05,0.0069500000000000004,0.0,0,0.0,0,1.5e-06,0.0,0.015000000000000001,0.0,0.0,0.0,0,0.0,1.4999999999999996e-06,0.00075,0.0,0,0.0,10000
Simulation 4,4965,0.5011774,0.4965,5011.774,0.49877964500000005,6.02e-05,0.038285700000000034,1,248.25,0.005562275,250.5887,3.5e-05,3.6979202,101.9875,4252,0.422569,0.4252,4225.69,0.422245865,9.08e-05,0.044800000000000006,1,212.6,0.005121605000000013,211.28449999999998,6.46e-05,-3.7229476,130.04,471,0.047539,0.0471,475.39,0.04798566500000001,9.1e-06,0.0125129,0,23.55,0.0021747049999999994,23.7695,4.6e-06,1.6774587,27.8475,219,0.0211285,0.0219,211.28500000000003,0.02158611,1.5e-06,0.0058333,0,10.95,0.000814059999999999,10.564250000000001,1e-06,2.5642909,7.2475,66,0.0039246,0.0066,39.246,0.006894320000000001,7e-07,0.0044,0,3.3,0.0029697199999999995,1.9623000000000002,7e-07,2.5747677,2.31,16,0.0019654,0.0016,19.654,0.00165336,0.0,0.00075,0,0.8,0.00032587999999999996,0.9827,0.0,0,0.46,10,0.0014406,0.001,14.406,0.0008333100000000001,1e-07,0.0016364,0,0.5,0.00066323,0.7203,0.0,2.4311384,0.65,0,0.0002401,0.0,2.4010000000000002,0.0,0.0,0.0,0,0.0,0.00024009999999999998,0.12005,0.0,0,0.0,1,1.39e-05,0.0001,0.139,2.17e-05,0.0,0.0001176,0,0.05,3.0040000000000004e-05,0.0069500000000000004,0.0,0,0.0475,0,1.5e-06,0.0,0.015000000000000001,0.0,0.0,0.0,0,0.0,1.4999999999999996e-06,0.00075,0.0,0,0.0,10000
Simulation 5,5018,0.5011774,0.5018,5011.774,0.49508190999999996,7.47e-05,0.027000000000000024,7,250.9,0.007322970000000001,250.5887,5.82e-05,-0.7974518,130.09,4204,0.422569,0.4204,4225.69,0.424818155,5.06e-05,0.022266700000000028,4,210.2,0.005794705,211.28449999999998,2.2e-05,0.9702614,102.76,497,0.047539,0.0497,475.39,0.048974855,7e-06,0.011249999999999996,0,24.85,0.002643655000000002,23.7695,2e-06,-2.8463071,18.4275,193,0.0211285,0.0193,211.28500000000003,0.019301019999999995,2.1e-06,0.008,0,9.65,0.0021146300000000006,10.564250000000001,1e-06,1.1534181,9.5275,68,0.0039246,0.0068,39.246,0.009731779999999999,1.19e-05,0.0124444,3,3.4,0.0058071799999999995,1.9623000000000002,1.19e-05,1.4659714,6.94,9,0.0019654,0.0009,19.654,0.0011805600000000002,1e-07,0.0011429,0,0.45,0.0007917600000000001,0.9827,1e-07,1.8603643,0.4475,7,0.0014406,0.0007,14.406,0.000762385,1e-07,0.0015,0,0.35,0.0007341549999999998,0.7203,0.0,3.4374354,0.3275,4,0.0002401,0.0004,2.4010000000000002,0.00014934000000000003,0.0,0.0004444,0,0.2,0.00019736000000000002,0.12005,0.0,0,0.26,0,1.39e-05,0.0,0.139,0.0,0.0,0.0,0,0.0,1.3900000000000008e-05,0.0069500000000000004,0.0,0,0.0,0,1.5e-06,0.0,0.015000000000000001,0.0,0.0,0.0,0,0.0,1.4999999999999996e-06,0.00075,0.0,0,0.0,10000
Simulation 6,4951,0.5011774,0.4951,5011.774,0.49340051,1.63e-05,0.013000000000000012,5,247.55,0.007776889999999997,250.5887,1.63e-05,-1.1761516,125.2475,4246,0.422569,0.4246,4225.69,0.42246841,6.7e-06,0.009333300000000044,0,212.3,0.002152409999999999,211.28449999999998,2.1e-06,-0.1432543,139.71,489,0.047539,0.0489,475.39,0.05202827000000001,7.4e-06,0.008555600000000003,0,24.45,0.004489270000000001,23.7695,7.4e-06,0.4418815,18.8475,211,0.0211285,0.0211,211.28500000000003,0.02066737,1.6e-06,0.006285699999999998,0,10.55,0.0006920800000000001,10.564250000000001,1.3e-06,-2.8586108,7.2475,69,0.0039246,0.0069,39.246,0.007653329999999998,7e-07,0.0034999999999999996,0,3.45,0.003728730000000001,1.9623000000000002,7e-07,0.3566076,2.1475,21,0.0019654,0.0021,19.654,0.002276235,5e-07,0.004,0,1.05,0.0005296249999999999,0.9827,4e-07,-0.9541451,1.0475,11,0.0014406,0.0011,14.406,0.0013464700000000002,3e-07,0.003,0,0.55,0.0004404999999999999,0.7203,1e-07,0.9738959,0.7475,1,0.0002401,0.0001,2.4010000000000002,0.000131435,0.0,0.0003333,0,0.05,0.00012353499999999998,0.12005,0.0,0,0.0475,1,1.39e-05,0.0001,0.139,2.7950000000000002e-05,0.0,0.000125,0,0.05,3.49e-05,0.0069500000000000004,0.0,0,0.0475,0,1.5e-06,0.0,0.015000000000000001,0.0,0.0,0.0,0,0.0,1.4999999999999996e-06,0.00075,0.0,0,0.0,10000
Simulation 7,4958,0.5011774,0.4958,5011.774,0.4931403,2.29e-05,0.026000000000000023,3,247.9,0.008719359999999995,250.5887,1.15e-05,0.6201714,111.49,4225,0.422569,0.4225,4225.69,0.422745335,1.17e-05,0.018000000000000016,1,211.25,0.002420425000000004,211.28449999999998,5.9e-06,-1.2310094,77.7875,490,0.047539,0.049,475.39,0.049824379999999995,4.2e-06,0.010000000000000002,0,24.5,0.002439280000000003,23.7695,3.5e-06,1.3624945,26.85,232,0.0211285,0.0232,211.28500000000003,0.023246415,2e-07,0.001714300000000002,0,11.6,0.002117914999999999,10.564250000000001,2e-07,-0.027779,3.84,68,0.0039246,0.0068,39.246,0.00847453,1.8e-06,0.004866700000000001,0,3.4,0.004549930000000001,1.9623000000000002,1.8e-06,0.8975208,5.04,16,0.0019654,0.0016,19.654,0.0014104850000000002,1e-07,0.0013333,0,0.8,0.000558375,0.9827,1e-07,-0.8672948,0.96,11,0.0014406,0.0011,14.406,0.00115856,2e-07,0.0016667,0,0.55,0.00033942000000000005,0.7203,1e-07,-1.0625114,0.5475,0,0.0002401,0.0,2.4010000000000002,0.0,0.0,0.0,0,0.0,0.00024009999999999998,0.12005,0.0,0,0.0,0,1.39e-05,0.0,0.139,0.0,0.0,0.0,0,0.0,1.3900000000000008e-05,0.0069500000000000004,0.0,0,0.0,0,1.5e-06,0.0,0.015000000000000001,0.0,0.0,0.0,0,0.0,1.4999999999999996e-06,0.00075,0.0,0,0.0,10000
Simulation 8,5007,0.5011774,0.5007,5011.774,0.49958244,1.87e-05,0.016133300000000017,1,250.35,0.0031546399999999946,250.5887,1.13e-05,-1.3527226,76.8275,4216,0.422569,0.4216,4225.69,0.42044730500000005,2.63e-05,0.025999999999999968,1,210.8,0.004150994999999979,211.28449999999998,1.36e-05,-0.2613763,85.86,440,0.047539,0.044,475.39,0.046645595000000005,1.79e-05,0.020375000000000004,1,22.0,0.0027317049999999996,23.7695,1.12e-05,3.9533831,23.0,225,0.0211285,0.0225,211.28500000000003,0.02269172,2e-06,0.0063158,0,11.25,0.0015632199999999982,10.564250000000001,2e-06,3.2061667,12.8875,81,0.0039246,0.0081,39.246,0.007701975,3.5e-06,0.0088,0,4.05,0.004169834999999999,1.9623000000000002,4e-07,-4.080039,3.4475,14,0.0019654,0.0014,19.654,0.0011114849999999997,1e-07,0.0014667,0,0.7,0.0008539149999999999,0.9827,1e-07,-2.3966916,0.81,13,0.0014406,0.0013,14.406,0.00123361,1e-07,0.0012000000000000001,0,0.65,0.00032481,0.7203,0.0,1.4136526,0.4275,4,0.0002401,0.0004,2.4010000000000002,0.000585865,1e-07,0.0017333000000000001,0,0.2,0.00034576500000000005,0.12005,1e-07,5.2486311,0.16,0,1.39e-05,0.0,0.139,0.0,0.0,0.0,0,0.0,1.3900000000000008e-05,0.0069500000000000004,0.0,0,0.0,0,1.5e-06,0.0,0.015000000000000001,0.0,0.0,0.0,0,0.0,1.4999999999999996e-06,0.00075,0.0,0,0.0,10000
Simulation 9,4883,0.5011774,0.4883,5011.774,0.4839603600000001,1.25e-05,0.01200000000000001,20,244.15,0.017217039999999996,250.5887,1.25e-05,-0.4310581,63.1275,4339,0.422569,0.4339,4225.69,0.43564433999999996,5.4e-06,0.01100000000000001,19,216.95,0.013075340000000029,211.28449999999998,5.4e-06,0.0912309,58.7475,459,0.047539,0.0459,475.39,0.04782975500000001,5.6e-06,0.0074667,0,22.95,0.0019043249999999995,23.7695,2e-06,1.055497,22.8475,223,0.0211285,0.0223,211.28500000000003,0.02332965,4e-06,0.007599999999999999,0,11.15,0.0024397,10.564250000000001,2.9e-06,0.4433401,19.3275,77,0.0039246,0.0077,39.246,0.007432575000000002,7e-07,0.0027999999999999995,0,3.85,0.003507975,1.9623000000000002,7e-07,-1.0545891,2.3275,15,0.0019654,0.0015,19.654,0.0013941200000000002,1e-07,0.0012000000000000001,0,0.75,0.0005782,0.9827,1e-07,0.1146208,0.5875,3,0.0014406,0.0003,14.406,0.000359755,0.0,0.0006667,0,0.15,0.0010808449999999998,0.7203,0.0,0,0.1275,1,0.0002401,0.0001,2.4010000000000002,4.945e-05,0.0,0.0001538,0,0.05,0.00019064999999999997,0.12005,0.0,0,0.0475,0,1.39e-05,0.0,0.139,0.0,0.0,0.0,0,0.0,1.3900000000000008e-05,0.0069500000000000004,0.0,0,0.0,0,1.5e-06,0.0,0.015000000000000001,0.0,0.0,0.0,0,0.0,1.4999999999999996e-06,0.00075,0.0,0,0.0,10000
Simulation 10,4987,0.5011774,0.4987,5011.774,0.49728751000000004,8.09e-05,0.04375000000000001,3,249.35,0.00549905,250.5887,6.58e-05,-2.9150189,145.6275,4199,0.422569,0.4199,4225.69,0.42162904,0.0001301,0.05500000000000005,3,209.95,0.006969259999999986,211.28449999999998,8.24e-05,3.5095786,113.7475,470,0.047539,0.047,475.39,0.04702007500000001,1.3e-06,0.0050000000000000044,0,23.5,0.0009696849999999993,23.7695,6e-07,-0.7455232,15.65,229,0.0211285,0.0229,211.28500000000003,0.022259615,2.1e-06,0.0072000000000000015,0,11.45,0.0014946649999999985,10.564250000000001,1.1e-06,-0.9724177,10.2475,82,0.0039246,0.0082,39.246,0.008057550000000002,3e-06,0.006,0,4.1,0.004132950000000001,1.9623000000000002,3e-06,-1.6971252,3.99,26,0.0019654,0.0026,19.654,0.0027512749999999996,3e-07,0.0022222,0,1.3,0.0008046349999999999,0.9827,3e-07,0.8800046,1.61,7,0.0014406,0.0007,14.406,0.000994925,2e-07,0.0017143,0,0.35,0.0005234749999999999,0.7203,1e-07,-0.5657061,0.3275,0,0.0002401,0.0,2.4010000000000002,0.0,0.0,0.0,0,0.0,0.00024009999999999998,0.12005,0.0,0,0.0,0,1.39e-05,0.0,0.139,0.0,0.0,0.0,0,0.0,1.3900000000000008e-05,0.0069500000000000004,0.0,0,0.0,0,1.5e-06,0.0,0.015000000000000001,0.0,0.0,0.0,0,0.0,1.4999999999999996e-06,0.00075,0.0,0,0.0,10000
Simulation 11,4994,0.5011774,0.4994,5011.774,0.49658147999999996,1.53e-05,0.015888899999999984,3,249.7,0.004767069999999998,250.5887,1.37e-05,-1.0133281,104.71,4194,0.422569,0.4194,4225.69,0.421664465,2.5e-05,0.02400000000000002,1,209.7,0.0038933749999999906,211.28449999999998,1.07e-05,1.9004218,136.21,467,0.047539,0.0467,475.39,0.048004325,1.9e-06,0.0062667,0,23.35,0.0009982550000000004,23.7695,1.1e-06,0.9730997,26.3275,231,0.0211285,0.0231,211.28500000000003,0.02435309,1.2e-06,0.004,0,11.55,0.0032245899999999985,10.564250000000001,1.2e-06,-0.2615765,9.3475,82,0.0039246,0.0082,39.246,0.0064639649999999995,2e-06,0.0052667,0,4.1,0.002631825,1.9623000000000002,1.5e-06,-0.7505892,6.39,19,0.0019654,0.0019,19.654,0.001740705,4e-07,0.0023333,0,0.95,0.000364955,0.9827,3e-07,-2.2897616,0.8475,11,0.0014406,0.0011,14.406,0.0009244250000000001,1e-07,0.0012857,0,0.55,0.000516175,0.7203,1e-07,-1.6673861,0.6475,2,0.0002401,0.0002,2.4010000000000002,0.00026755499999999994,0.0,0.0006667,0,0.1,9.634499999999999e-05,0.12005,0.0,0,0.09,0,1.39e-05,0.0,0.139,0.0,0.0,0.0,0,0.0,1.3900000000000008e-05,0.0069500000000000004,0.0,0,0.0,0,1.5e-06,0.0,0.015000000000000001,0.0,0.0,0.0,0,0.0,1.4999999999999996e-06,0.00075,0.0,0,0.0,10000
Simulation 12,5085,0.5011774,0.5085,5011.774,0.50817753,9.8e-06,0.01200000000000001,2,254.25,0.007000130000000005,250.5887,9.8e-06,-0.2585749,88.3875,4162,0.422569,0.4162,4225.69,0.41586340499999996,1.62e-05,0.01899999999999996,2,208.1,0.006705594999999976,211.28449999999998,1.62e-05,-1.4642164,111.39,443,0.047539,0.0443,475.39,0.04591123000000001,5.2e-06,0.009117599999999997,0,22.15,0.002553299999999999,23.7695,1.3e-06,2.3632439,14.4275,202,0.0211285,0.0202,211.28500000000003,0.018728515,5.5e-06,0.009000000000000001,0,10.1,0.002399985000000001,10.564250000000001,5.5e-06,-1.4351197,6.39,72,0.0039246,0.0072,39.246,0.007845085,3e-07,0.0017999999999999995,0,3.6,0.003920485,1.9623000000000002,3e-07,0.978408,3.04,21,0.0019654,0.0021,19.654,0.00217791,3e-07,0.003,0,1.05,0.00040905000000000005,0.9827,2e-07,-3.3991933,1.3475,14,0.0014406,0.0014,14.406,0.001268385,1e-07,0.002,0,0.7,0.00026959500000000013,0.7203,1e-07,-2.9443286,0.81,0,0.0002401,0.0,2.4010000000000002,0.0,0.0,0.0,0,0.0,0.00024009999999999998,0.12005,0.0,0,0.0,1,1.39e-05,0.0001,0.139,2.7950000000000002e-05,0.0,0.000125,0,0.05,3.49e-05,0.0069500000000000004,0.0,0,0.0475,0,1.5e-06,0.0,0.015000000000000001,0.0,0.0,0.0,0,0.0,1.4999999999999996e-06,0.00075,0.0,0,0.0,10000
Simulation 13,4973,0.5011774,0.4973,5011.774,0.50458355,6.6e-05,0.024428600000000023,5,248.65,0.006749039999999995,250.5887,3.2e-05,0.7406937,181.5275,4179,0.422569,0.4179,4225.69,0.41022644999999996,5.13e-05,0.024842099999999978,8,208.95,0.012342549999999971,211.28449999999998,5.13e-05,-0.9879958,208.3475,480,0.047539,0.048,475.39,0.046615149999999994,3.4e-06,0.0068000000000000005,0,24.0,0.0017019,23.7695,1.4e-06,-0.0613145,18.8,246,0.0211285,0.0246,211.28500000000003,0.026331429999999996,1.3e-06,0.0034000000000000002,0,12.3,0.005202929999999999,10.564250000000001,1.3e-06,0.3132423,9.11,86,0.0039246,0.0086,39.246,0.00852303,2e-06,0.006,0,4.3,0.004598429999999999,1.9623000000000002,2e-06,-1.8994973,5.31,20,0.0019654,0.002,19.654,0.0017321100000000002,4e-07,0.0025714,0,1.0,0.00037989999999999996,0.9827,3e-07,-2.1720658,0.7,14,0.0014406,0.0014,14.406,0.0015938849999999997,1e-07,0.0008000000000000001,0,0.7,0.00022580499999999993,0.7203,0.0,0.2310868,0.71,2,0.0002401,0.0002,2.4010000000000002,0.00039438999999999994,2e-07,0.0018571,0,0.1,0.00020085000000000008,0.12005,2e-07,2.8027458,0.09,0,1.39e-05,0.0,0.139,0.0,0.0,0.0,0,0.0,1.3900000000000008e-05,0.0069500000000000004,0.0,0,0.0,0,1.5e-06,0.0,0.015000000000000001,0.0,0.0,0.0,0,0.0,1.4999999999999996e-06,0.00075,0.0,0,0.0,10000
Simulation 14,4948,0.5011774,0.4948,5011.774,0.49803100499999997,5.93e-05,0.033625000000000016,1,247.4,0.007015434999999998,250.5887,1.99e-05,2.940106,76.54,4268,0.422569,0.4268,4225.69,0.42619988499999995,5.2e-06,0.01200000000000001,1,213.4,0.0036877850000000267,211.28449999999998,4.7e-06,1.8753009,48.24,471,0.047539,0.0471,475.39,0.04572226000000001,1.93e-05,0.017636399999999997,1,23.55,0.0028172300000000004,23.7695,1.46e-05,-1.9870771,24.9475,206,0.0211285,0.0206,211.28500000000003,0.020772210000000003,8e-07,0.0045000000000000005,0,10.3,0.0007253700000000006,10.564250000000001,4e-07,-1.0698774,8.31,83,0.0039246,0.0083,39.246,0.006343415,5.7e-06,0.0086667,0,4.15,0.0031553249999999996,1.9623000000000002,1.6e-06,-1.5231499,4.7275,14,0.0019654,0.0014,19.654,0.0016082450000000001,1e-07,0.0008000000000000001,0,0.7,0.00036753499999999994,0.9827,0.0,0.1303099,0.51,8,0.0014406,0.0008,14.406,0.001129785,1e-07,0.0016667,0,0.4,0.00036263500000000004,0.7203,1e-07,-2.1950633,0.44,2,0.0002401,0.0002,2.4010000000000002,0.000193195,0.0,0.0004,0,0.1,8.597499999999999e-05,0.12005,0.0,0,0.09,0,1.39e-05,0.0,0.139,0.0,0.0,0.0,0,0.0,1.3900000000000008e-05,0.0069500000000000004,0.0,0,0.0,0,1.5e-06,0.0,0.015000000000000001,0.0,0.0,0.0,0,0.0,1.4999999999999996e-06,0.00075,0.0,0,0.0,10000
Simulation 15,4944,0.5011774,0.4944,5011.774,0.4971673149999999,1.07e-05,0.010375000000000023,0,247.2,0.004644714999999994,250.5887,5.2e-06,1.0063203,71.06,4257,0.422569,0.4257,4225.69,0.42493257,6.1e-06,0.008875000000000022,0,212.85,0.0030842700000000252,211.28449999999998,2.2e-06,-0.7634082,86.8275,473,0.047539,0.0473,475.39,0.045438244999999995,2.5e-06,0.006111099999999994,0,23.65,0.002204064999999998,23.7695,2.1e-06,-0.519181,27.8275,223,0.0211285,0.0223,211.28500000000003,0.021366,1.1e-06,0.0034286000000000004,0,11.15,0.0009584199999999989,10.564250000000001,3e-07,-1.4613753,6.2275,71,0.0039246,0.0071,39.246,0.008394879999999999,2.2e-06,0.0049,0,3.55,0.00447028,1.9623000000000002,2.2e-06,1.6786943,3.1475,22,0.0019654,0.0022,19.654,0.001939895,3e-07,0.0023333,0,1.1,0.0003328750000000001,0.9827,2e-07,-2.8198967,0.79,9,0.0014406,0.0009,14.406,0.0007508500000000001,1e-07,0.0011429,0,0.45,0.00068975,0.7203,1e-07,-1.3149759,0.3475,1,0.0002401,0.0001,2.4010000000000002,1.0265e-05,0.0,0.0001053,0,0.05,0.00022983499999999998,0.12005,0.0,0,0.0475,0,1.39e-05,0.0,0.139,0.0,0.0,0.0,0,0.0,1.3900000000000008e-05,0.0069500000000000004,0.0,0,0.0,0,1.5e-06,0.0,0.015000000000000001,0.0,0.0,0.0,0,0.0,1.4999999999999996e-06,0.00075,0.0,0,0.0,10000
Simulation 16,4977,0.5011774,0.4977,5011.774,0.49959455,1.78e-05,0.018333400000000055,1,248.85,0.003742959999999998,250.5887,6.3e-06,1.6375311,133.5275,4220,0.422569,0.422,4225.69,0.4187085400000001,3.23e-05,0.02400000000000002,2,211.0,0.004457149999999988,211.28449999999998,2.74e-05,-1.8745239,131.8,477,0.047539,0.0477,475.39,0.049219525,3.5e-06,0.008444399999999998,0,23.85,0.0016805250000000032,23.7695,3.5e-06,2.7165911,12.3275,221,0.0211285,0.0221,211.28500000000003,0.021078850000000003,1.1e-06,0.0038570999999999987,0,11.05,0.00090226,10.564250000000001,2e-07,-0.0453822,5.7475,73,0.0039246,0.0073,39.246,0.00866521,2.8e-06,0.005699999999999999,0,3.65,0.004740610000000001,1.9623000000000002,2.8e-06,1.6032455,2.5275,17,0.0019654,0.0017,19.654,0.0017129000000000003,3e-07,0.0026667,0,0.85,0.0004299300000000001,0.9827,2e-07,-1.2256615,0.6275,11,0.0014406,0.0011,14.406,0.000691725,3e-07,0.0013333,0,0.55,0.0007488750000000001,0.7203,3e-07,-0.1100074,0.6475,4,0.0002401,0.0004,2.4010000000000002,0.00032867,0.0,0.0006667,0,0.2,0.00014239,0.12005,0.0,0,0.16,0,1.39e-05,0.0,0.139,0.0,0.0,0.0,0,0.0,1.3900000000000008e-05,0.0069500000000000004,0.0,0,0.0,0,1.5e-06,0.0,0.015000000000000001,0.0,0.0,0.0,0,0.0,1.4999999999999996e-06,0.00075,0.0,0,0.0,10000
Simulation 17,5018,0.5011774,0.5018,5011.774,0.5010574849999999,1.99e-05,0.021066699999999938,1,250.9,0.002717715000000001,250.5887,1.25e-05,-2.6987009,68.99,4218,0.422569,0.4218,4225.69,0.4216789349999999,2.58e-05,0.0239047,1,210.9,0.003695794999999982,211.28449999999998,1.29e-05,2.4126665,104.09,478,0.047539,0.0478,475.39,0.047013605,1.69e-05,0.018750000000000003,1,23.9,0.0024941050000000012,23.7695,1.09e-05,-2.9060174,29.99,196,0.0211285,0.0196,211.28500000000003,0.021737344999999998,8.8e-06,0.0109333,0,9.8,0.002147385000000001,10.564250000000001,4.5e-06,1.5816985,8.66,56,0.0039246,0.0056,39.246,0.004592939999999999,8e-07,0.004,0,2.8,0.0009590499999999997,1.9623000000000002,4e-07,-1.1992334,3.16,23,0.0019654,0.0023,19.654,0.0025439749999999995,7e-07,0.0045000000000000005,0,1.15,0.0006251150000000001,0.9827,7e-07,3.9751557,1.1275,9,0.0014406,0.0009,14.406,0.0010490650000000003,1e-07,0.0016,0,0.45,0.000470085,0.7203,1e-07,1.2112618,0.8475,2,0.0002401,0.0002,2.4010000000000002,0.000326645,0.0,0.001,0,0.1,0.000125595,0.12005,0.0,0,0.09,0,1.39e-05,0.0,0.139,0.0,0.0,0.0,0,0.0,1.3900000000000008e-05,0.0069500000000000004,0.0,0,0.0,0,1.5e-06,0.0,0.015000000000000001,0.0,0.0,0.0,0,0.0,1.4999999999999996e-06,0.00075,0.0,0,0.0,10000
Simulation 18,4961,0.5011774,0.4961,5011.774,0.49498655,1.88e-05,0.017000000000000015,3,248.05,0.006273109999999998,250.5887,1.78e-05,-1.1578946,127.3475,4244,0.422569,0.4244,4225.69,0.42648427500000013,2.64e-05,0.02200000000000002,3,212.2,0.004032755000000018,211.28449999999998,2.54e-05,2.4409976,118.56,485,0.047539,0.0485,475.39,0.050719335,3.3e-06,0.006416699999999997,0,24.25,0.0031803350000000016,23.7695,3.3e-06,0.6304413,15.4875,216,0.0211285,0.0216,211.28500000000003,0.020027505,8.7e-06,0.013600000000000001,1,10.8,0.0013597750000000001,10.564250000000001,8.1e-06,-3.9697311,11.26,60,0.0039246,0.006,39.246,0.005348220000000001,6e-07,0.0034000000000000002,0,3.0,0.00151608,1.9623000000000002,4e-07,-1.8862314,2.3,18,0.0019654,0.0018,19.654,0.00101129,4e-07,0.0018,0,0.9,0.0009541099999999999,0.9827,4e-07,-0.6108905,1.19,16,0.0014406,0.0016,14.406,0.0014228,2e-07,0.002,0,0.8,0.00029183000000000003,0.7203,1e-07,-1.8474848,0.86,0,0.0002401,0.0,2.4010000000000002,0.0,0.0,0.0,0,0.0,0.00024009999999999998,0.12005,0.0,0,0.0,0,1.39e-05,0.0,0.139,0.0,0.0,0.0,0,0.0,1.3900000000000008e-05,0.0069500000000000004,0.0,0,0.0,0,1.5e-06,0.0,0.015000000000000001,0.0,0.0,0.0,0,0.0,1.4999999999999996e-06,0.00075,0.0,0,0.0,10000
Simulation 19,4914,0.5011774,0.4914,5011.774,0.4859235350000001,1.7e-05,0.016400000000000026,19,245.7,0.015253864999999995,250.5887,1.7e-05,-0.8815499,74.51,4280,0.422569,0.428,4225.69,0.43127726,2.8e-05,0.02562500000000001,5,214.0,0.008708260000000027,211.28449999999998,2.8e-05,3.381368,44.4,488,0.047539,0.0488,475.39,0.051027005,8.2e-06,0.013199999999999996,1,24.4,0.0034880050000000024,23.7695,8.2e-06,3.2677793,17.04,200,0.0211285,0.02,211.28500000000003,0.020133395000000002,1.1e-05,0.0148889,1,10.0,0.0019639950000000005,10.564250000000001,8.2e-06,-2.8887051,12.7,67,0.0039246,0.0067,39.246,0.005857075,2.5e-06,0.0055,0,3.35,0.002226524999999999,1.9623000000000002,1.3e-06,-1.2162928,4.2275,36,0.0019654,0.0036,19.654,0.0042800600000000005,1e-06,0.0044706,0,1.8,0.0023146600000000005,0.9827,1e-06,3.2005892,2.26,10,0.0014406,0.001,14.406,0.0012317,1e-07,0.002,0,0.5,0.00030416000000000004,0.7203,1e-07,-2.4557903,0.45,4,0.0002401,0.0004,2.4010000000000002,0.000242005,0.0,0.0005455,0,0.2,0.00019577499999999997,0.12005,0.0,0,0.16,1,1.39e-05,0.0001,0.139,2.7950000000000002e-05,0.0,0.000125,0,0.05,3.49e-05,0.0069500000000000004,0.0,0,0.0475,0,1.5e-06,0.0,0.015000000000000001,0.0,0.0,0.0,0,0.0,1.4999999999999996e-06,0.00075,0.0,0,0.0,10000
Simulation 20,4920,0.5011774,0.492,5011.774,0.49165616500000003,6.94e-05,0.03949999999999998,3,246.0,0.009521234999999994,250.5887,6.94e-05,-3.863622,94.5,4317,0.422569,0.4317,4225.69,0.43250742,7.1e-05,0.041200000000000014,4,215.85,0.009938420000000026,211.28449999999998,7.1e-05,2.9407133,121.5275,457,0.047539,0.0457,475.39,0.045553235,3.3e-06,0.0086667,0,22.85,0.0023179649999999987,23.7695,1.8e-06,0.11218,17.3275,212,0.0211285,0.0212,211.28500000000003,0.021073304999999997,6e-07,0.0028000000000000004,0,10.6,0.0006533350000000002,10.564250000000001,2e-07,0.8946665,5.34,63,0.0039246,0.0063,39.246,0.006285195,9e-07,0.0034666999999999996,0,3.15,0.002360594999999999,1.9623000000000002,9e-07,1.3643075,3.1275,22,0.0019654,0.0022,19.654,0.0019799399999999995,3e-07,0.0024615,0,1.1,0.00032082,0.9827,2e-07,-2.6598179,1.19,8,0.0014406,0.0008,14.406,0.0007682900000000001,1e-07,0.0016,0,0.4,0.00072825,0.7203,0.0,3.3703061,0.44,1,0.0002401,0.0001,2.4010000000000002,0.00017643500000000001,0.0,0.0005,0,0.05,0.000120515,0.12005,0.0,0,0.0475,0,1.39e-05,0.0,0.139,0.0,0.0,0.0,0,0.0,1.3900000000000008e-05,0.0069500000000000004,0.0,0,0.0,0,1.5e-06,0.0,0.015000000000000001,0.0,0.0,0.0,0,0.0,1.4999999999999996e-06,0.00075,0.0,0,0.0,10000
Simulation 21,5003,0.5011774,0.5003,5011.774,0.4962962249999999,1.59e-05,0.012666699999999975,4,250.15,0.005023475000000002,250.5887,1.45e-05,-0.3088962,118.7275,4220,0.422569,0.422,4225.69,0.4266471,1.62e-05,0.013444400000000023,2,211.0,0.004562840000000015,211.28449999999998,1.2e-05,0.2989004,116.8,445,0.047539,0.0445,475.39,0.04492252,3.4e-06,0.0086667,0,22.25,0.0027353499999999992,23.7695,2.8e-06,-0.457054,24.5875,226,0.0211285,0.0226,211.28500000000003,0.021410715,2.1e-06,0.0058571000000000005,0,11.3,0.0012177249999999994,10.564250000000001,7e-07,-1.7265132,5.61,69,0.0039246,0.0069,39.246,0.006826250000000001,7e-07,0.0041818,0,3.45,0.00290165,1.9623000000000002,7e-07,3.0101908,2.1475,24,0.0019654,0.0024,19.654,0.00291268,8e-07,0.004,0,1.2,0.0009472800000000002,0.9827,8e-07,2.7111849,1.26,10,0.0014406,0.001,14.406,0.0006955500000000002,1e-07,0.0010526,0,0.5,0.0007450499999999999,0.7203,1e-07,-1.0261945,0.45,3,0.0002401,0.0003,2.4010000000000002,0.00028896499999999997,1e-07,0.0006667,0,0.15,0.00021693499999999997,0.12005,0.0,-0.0721243,0.2275,0,1.39e-05,0.0,0.139,0.0,0.0,0.0,0,0.0,1.3900000000000008e-05,0.0069500000000000004,0.0,0,0.0,0,1.5e-06,0.0,0.015000000000000001,0.0,0.0,0.0,0,0.0,1.4999999999999996e-06,0.00075,0.0,0,0.0,10000
Simulation 22,4916,0.5011774,0.4916,5011.774,0.48784216,9.33e-05,0.04353849999999998,10,245.8,0.013335239999999998,250.5887,9.33e-05,-3.0761912,182.26,4286,0.422569,0.4286,4225.69,0.42794349499999995,1.11e-05,0.015333299999999994,1,214.3,0.005374495000000026,211.28449999999998,1.11e-05,1.3035038,134.01,482,0.047539,0.0482,475.39,0.053412570000000006,5.87e-05,0.0324211,4,24.1,0.00587357,23.7695,5.87e-05,2.5516774,33.69,211,0.0211285,0.0211,211.28500000000003,0.020274395,1.2e-06,0.004,0,10.55,0.0010189550000000002,10.564250000000001,9e-07,-0.5656614,15.3475,79,0.0039246,0.0079,39.246,0.007641210000000001,1.6e-06,0.005142900000000001,0,3.95,0.00371661,1.9623000000000002,1.6e-06,-2.0835779,3.9475,18,0.0019654,0.0018,19.654,0.0014844699999999999,1e-07,0.001,0,0.9,0.00049131,0.9827,1e-07,0.4825076,0.99,8,0.0014406,0.0008,14.406,0.0014017099999999996,1.4e-06,0.0052941,0,0.4,0.00071265,0.7203,9e-07,3.5150697,0.54,0,0.0002401,0.0,2.4010000000000002,0.0,0.0,0.0,0,0.0,0.00024009999999999998,0.12005,0.0,0,0.0,0,1.39e-05,0.0,0.139,0.0,0.0,0.0,0,0.0,1.3900000000000008e-05,0.0069500000000000004,0.0,0,0.0,0,1.5e-06,0.0,0.015000000000000001,0.0,0.0,0.0,0,0.0,1.4999999999999996e-06,0.00075,0.0,0,0.0,10000
Simulation 23,4971,0.5011774,0.4971,5011.774,0.4992415500000001,2.11e-05,0.02400000000000002,2,248.55,0.003998219999999997,250.5887,8.9e-06,1.6014485,82.7475,4215,0.422569,0.4215,4225.69,0.41937777499999995,2.28e-05,0.025000000000000022,1,210.75,0.00413432499999998,211.28449999999998,1.59e-05,-0.1853595,108.4875,503,0.047539,0.0503,475.39,0.05105494000000001,9e-07,0.003777700000000002,0,25.15,0.003515940000000002,23.7695,9e-07,-0.8703243,20.9275,216,0.0211285,0.0216,211.28500000000003,0.020724705,1.1e-06,0.0036249999999999998,0,10.8,0.0007551949999999996,10.564250000000001,7e-07,-1.906824,7.76,65,0.0039246,0.0065,39.246,0.00718306,2e-06,0.006666699999999999,0,3.25,0.00325846,1.9623000000000002,2e-06,0.5534566,4.4875,18,0.0019654,0.0018,19.654,0.0017873750000000001,5e-07,0.0029091000000000004,0,0.9,0.0005387850000000001,0.9827,2e-07,1.8962313,0.99,11,0.0014406,0.0011,14.406,0.00058883,1e-07,0.0011,0,0.55,0.0008517699999999997,0.7203,1e-07,-0.8811689,0.7475,0,0.0002401,0.0,2.4010000000000002,0.0,0.0,0.0,0,0.0,0.00024009999999999998,0.12005,0.0,0,0.0,1,1.39e-05,0.0001,0.139,4.176000000000001e-05,0.0,0.0001429,0,0.05,4.5929999999999996e-05,0.0069500000000000004,0.0,0,0.0475,0,1.5e-06,0.0,0.015000000000000001,0.0,0.0,0.0,0,0.0,1.4999999999999996e-06,0.00075,0.0,0,0.0,10000
Simulation 24,4986,0.5011774,0.4986,5011.774,0.4987133999999999,1.48e-05,0.017000000000000015,0,249.3,0.003710780000000005,250.5887,7.1e-06,0.7569706,135.41,4233,0.422569,0.4233,4225.69,0.42789238999999996,1.75e-05,0.017000000000000015,2,211.65,0.00553912000000002,211.28449999999998,1.51e-05,0.3417089,92.5275,473,0.047539,0.0473,475.39,0.04611122999999999,1.9e-06,0.004083299999999998,0,23.65,0.0014616399999999984,23.7695,1.8e-06,-0.7360535,18.6275,208,0.0211285,0.0208,211.28500000000003,0.018330679999999995,5.6e-06,0.011999999999999999,0,10.4,0.0032849700000000008,10.564250000000001,2.6e-06,1.618981,17.14,67,0.0039246,0.0067,39.246,0.00600607,1.3e-06,0.0038975,0,3.35,0.0021405999999999994,1.9623000000000002,1.1e-06,-1.2130643,2.5275,21,0.0019654,0.0021,19.654,0.0018234999999999998,4e-07,0.0032,0,1.05,0.00038318999999999994,0.9827,2e-07,1.9884617,0.7475,10,0.0014406,0.001,14.406,0.00099643,1e-07,0.0013333,0,0.5,0.00044416999999999997,0.7203,1e-07,-3.4983773,0.35,1,0.0002401,0.0001,2.4010000000000002,4.945e-05,0.0,0.0001538,0,0.05,0.00019064999999999997,0.12005,0.0,0,0.0475,1,1.39e-05,0.0001,0.139,7.687500000000003e-05,0.0,0.0002,0,0.05,7.5485e-05,0.0069500000000000004,0.0,0,0.0475,0,1.5e-06,0.0,0.015000000000000001,0.0,0.0,0.0,0,0.0,1.4999999999999996e-06,0.00075,0.0,0,0.0,10000
Simulation 25,4905,0.5011774,0.4905,5011.774,0.48128163499999993,4.35e-05,0.024499999999999966,20,245.25,0.019895764999999996,250.5887,4.35e-05,-0.7962193,96.0875,4329,0.422569,0.4329,4225.69,0.43817306,1.45e-05,0.017000000000000015,19,216.45,0.01560406000000003,211.28449999999998,1.45e-05,-0.5361748,94.9475,467,0.047539,0.0467,475.39,0.050064535,3.62e-05,0.022625000000000006,3,23.35,0.0042234049999999995,23.7695,2.47e-05,1.7839433,26.3275,200,0.0211285,0.02,211.28500000000003,0.020812570000000006,4.7e-06,0.009428600000000002,0,10.0,0.0015107100000000006,10.564250000000001,2.5e-06,2.801049,9.1,59,0.0039246,0.0059,39.246,0.005759555000000001,1.7e-06,0.005,0,2.95,0.0021532049999999996,1.9623000000000002,4e-07,-2.1471944,3.3475,23,0.0019654,0.0023,19.654,0.0020538349999999995,6e-07,0.003,0,1.15,0.0006743349999999999,0.9827,2e-07,-1.3941672,1.2275,15,0.0014406,0.0015,14.406,0.001698355,1e-07,0.001,0,0.75,0.00031254500000000006,0.7203,0.0,-0.6102643,0.3875,2,0.0002401,0.0002,2.4010000000000002,0.000156435,0.0,0.0004,0,0.1,0.00011452499999999998,0.12005,0.0,0,0.09,0,1.39e-05,0.0,0.139,0.0,0.0,0.0,0,0.0,1.3900000000000008e-05,0.0069500000000000004,0.0,0,0.0,0,1.5e-06,0.0,0.015000000000000001,0.0,0.0,0.0,0,0.0,1.4999999999999996e-06,0.00075,0.0,0,0.0,10000
Simulation 26,4927,0.5011774,0.4927,5011.774,0.49663059499999995,1.11e-05,0.015500000000000014,1,246.35,0.005011324999999997,250.5887,6.7e-06,0.1705135,91.6275,4285,0.422569,0.4285,4225.69,0.42350852000000005,1.55e-05,0.017000000000000015,1,214.25,0.0032642600000000106,211.28449999999998,5.7e-06,-1.4420428,79.4875,455,0.047539,0.0455,475.39,0.044244365,1.1e-06,0.004980400000000003,0,22.75,0.0032946349999999985,23.7695,1.1e-06,-2.1106661,9.7875,225,0.0211285,0.0225,211.28500000000003,0.02501482,9.6e-06,0.013684199999999997,1,11.25,0.0038863199999999987,10.564250000000001,9.6e-06,2.652037,8.2875,80,0.0039246,0.008,39.246,0.007939175000000003,2.6e-06,0.007333299999999999,0,4.0,0.004207035,1.9623000000000002,1e-06,-3.1729534,3.5,19,0.0019654,0.0019,19.654,0.0016173650000000002,5e-07,0.0026667,0,0.95,0.000515945,0.9827,3e-07,-0.8331529,1.3475,8,0.0014406,0.0008,14.406,0.00101053,2e-07,0.0014118,0,0.4,0.00060383,0.7203,0.0,1.7413309,0.64,0,0.0002401,0.0,2.4010000000000002,0.0,0.0,0.0,0,0.0,0.00024009999999999998,0.12005,0.0,0,0.0,0,1.39e-05,0.0,0.139,0.0,0.0,0.0,0,0.0,1.3900000000000008e-05,0.0069500000000000004,0.0,0,0.0,1,1.5e-06,0.0001,0.015000000000000001,3.4615e-05,0.0,0.0001333,0,0.05,3.5214999999999994e-05,0.00075,0.0,0,0.0475,10000
Simulation 27,4984,0.5011774,0.4984,5011.774,0.492896835,5.33e-05,0.030666700000000047,7,249.2,0.008280564999999995,250.5887,5.33e-05,-1.9398623,126.46,4261,0.422569,0.4261,4225.69,0.4284281,2.06e-05,0.020083300000000026,5,213.05,0.006449330000000026,211.28449999999998,1.34e-05,-0.3008865,107.8475,465,0.047539,0.0465,475.39,0.049068209999999994,3.21e-05,0.02480000000000001,2,23.25,0.00297212,23.7695,2.56e-05,3.1724142,35.7875,204,0.0211285,0.0204,211.28500000000003,0.020744825,2e-06,0.007000000000000003,0,10.2,0.0011356050000000005,10.564250000000001,8e-07,1.5799315,7.86,55,0.0039246,0.0055,39.246,0.00587759,1.3e-06,0.005,0,2.75,0.0019529899999999995,1.9623000000000002,1.3e-06,3.052338,2.1875,21,0.0019654,0.0021,19.654,0.0015763549999999998,4e-07,0.0022353,0,1.05,0.0005598350000000001,0.9827,3e-07,-1.0578669,1.0475,9,0.0014406,0.0009,14.406,0.00104832,1e-07,0.0012308,0,0.45,0.0005101000000000001,0.7203,0.0,3.1640835,0.2475,1,0.0002401,0.0001,2.4010000000000002,0.00035977000000000003,2e-07,0.0019,0,0.05,0.00023181999999999999,0.12005,2e-07,2.9935986,0.0475,0,1.39e-05,0.0,0.139,0.0,0.0,0.0,0,0.0,1.3900000000000008e-05,0.0069500000000000004,0.0,0,0.0,0,1.5e-06,0.0,0.015000000000000001,0.0,0.0,0.0,0,0.0,1.4999999999999996e-06,0.00075,0.0,0,0.0,10000
Simulation 28,5014,0.5011774,0.5014,5011.774,0.49942242,1.94e-05,0.016722199999999965,2,250.7,0.0031590599999999913,250.5887,1.25e-05,-1.0732451,86.41,4201,0.422569,0.4201,4225.69,0.42349293499999996,3.08e-05,0.018000000000000016,3,210.05,0.004276804999999995,211.28449999999998,1.34e-05,1.2489051,73.7475,464,0.047539,0.0464,475.39,0.042807005,1.39e-05,0.011749999999999997,2,23.2,0.0047319949999999975,23.7695,1.39e-05,-0.5459155,33.16,226,0.0211285,0.0226,211.28500000000003,0.023949645,1.6e-06,0.005333299999999999,0,11.3,0.0028211449999999993,10.564250000000001,1.6e-06,0.8921934,9.21,73,0.0039246,0.0073,39.246,0.008234859999999998,1.3e-06,0.004666699999999999,0,3.65,0.004310259999999999,1.9623000000000002,1.3e-06,0.7614553,3.3275,12,0.0019654,0.0012,19.654,0.0012002149999999997,5e-07,0.0034286,0,0.6,0.000972105,0.9827,2e-07,3.520945,1.04,7,0.0014406,0.0007,14.406,0.0005025499999999999,1e-07,0.0008,0,0.35,0.0009380500000000004,0.7203,1e-07,-0.326318,0.3275,3,0.0002401,0.0003,2.4010000000000002,0.00039036,0.0,0.001,0,0.15,0.00017475000000000002,0.12005,0.0,0,0.1275,0,1.39e-05,0.0,0.139,0.0,0.0,0.0,0,0.0,1.3900000000000008e-05,0.0069500000000000004,0.0,0,0.0,0,1.5e-06,0.0,0.015000000000000001,0.0,0.0,0.0,0,0.0,1.4999999999999996e-06,0.00075,0.0,0,0.0,10000
Simulation 29,5061,0.5011774,0.5061,5011.774,0.5143502550000001,0.0001367,0.04635290000000003,9,253.05,0.013172855000000011,250.5887,0.0001367,1.776759,185.2475,4179,0.422569,0.4179,4225.69,0.41322002499999994,8.51e-05,0.03682350000000001,7,208.95,0.009348974999999973,211.28449999999998,8.51e-05,-2.0362742,128.0475,447,0.047539,0.0447,475.39,0.04189158,7.6e-06,0.012699999999999996,1,22.35,0.005647419999999996,23.7695,7.6e-06,-2.554149,24.9275,221,0.0211285,0.0221,211.28500000000003,0.021313300000000004,1.2e-06,0.004800000000000002,0,11.05,0.00091891,10.564250000000001,4e-07,0.3281096,5.7475,66,0.0039246,0.0066,39.246,0.00700789,1e-07,0.0015000000000000005,0,3.3,0.00308329,1.9623000000000002,1e-07,1.5335849,2.21,14,0.0019654,0.0014,19.654,0.0012782350000000002,1e-07,0.0015,0,0.7,0.000690625,0.9827,1e-07,-0.7616706,0.41,12,0.0014406,0.0012,14.406,0.00093871,1e-07,0.0013333,0,0.6,0.00050189,0.7203,1e-07,-2.8676712,0.64,0,0.0002401,0.0,2.4010000000000002,0.0,0.0,0.0,0,0.0,0.00024009999999999998,0.12005,0.0,0,0.0,0,1.39e-05,0.0,0.139,0.0,0.0,0.0,0,0.0,1.3900000000000008e-05,0.0069500000000000004,0.0,0,0.0,0,1.5e-06,0.0,0.015000000000000001,0.0,0.0,0.0,0,0.0,1.4999999999999996e-06,0.00075,0.0,0,0.0,10000
Simulation 30,4991,0.5011774,0.4991,5011.774,0.493926875,3.71e-05,0.029100000000000015,3,249.55,0.007250524999999999,250.5887,3.71e-05,-3.4471146,62.6475,4256,0.422569,0.4256,4225.69,0.431070215,3.03e-05,0.022777800000000015,5,212.8,0.008501215000000025,211.28449999999998,3.03e-05,1.7905697,88.96,457,0.047539,0.0457,475.39,0.046599205,2.5e-06,0.006214300000000006,0,22.85,0.0015997350000000001,23.7695,8e-07,0.7632589,25.8275,207,0.0211285,0.0207,211.28500000000003,0.019783329999999995,1.9e-06,0.005333299999999999,0,10.35,0.0014689200000000012,10.564250000000001,1.6e-06,-0.5033132,4.4275,56,0.0039246,0.0056,39.246,0.005139035,8e-07,0.0053333,0,2.8,0.0013402249999999996,1.9623000000000002,5e-07,0.5528096,2.76,19,0.0019654,0.0019,19.654,0.0024526650000000006,3e-07,0.0021000000000000003,0,0.95,0.0004938049999999999,0.9827,3e-07,1.3719498,0.6475,12,0.0014406,0.0012,14.406,0.0009568099999999998,2e-07,0.0014118,0,0.6,0.00048379,0.7203,2e-07,-1.0759426,0.64,2,0.0002401,0.0002,2.4010000000000002,7.187500000000001e-05,0.0,0.0002,0,0.1,0.00016822499999999998,0.12005,0.0,0,0.09,0,1.39e-05,0.0,0.139,0.0,0.0,0.0,0,0.0,1.3900000000000008e-05,0.0069500000000000004,0.0,0,0.0,0,1.5e-06,0.0,0.015000000000000001,0.0,0.0,0.0,0,0.0,1.4999999999999996e-06,0.00075,0.0,0,0.0,10000
Simulation 31,5098,0.5011774,0.5098,5011.774,0.5101227500000001,9.7e-06,0.014499999999999957,9,254.9,0.009063090000000018,250.5887,7.6e-06,-1.9560662,133.19,4096,0.422569,0.4096,4225.69,0.407274065,2.33e-05,0.025142899999999968,19,204.8,0.015294934999999971,211.28449999999998,2.33e-05,-2.5525763,173.56,505,0.047539,0.0505,475.39,0.05322804999999999,1.45e-05,0.017714300000000002,2,25.25,0.005689050000000002,23.7695,1.45e-05,3.4180098,34.1875,212,0.0211285,0.0212,211.28500000000003,0.02105015,6.3e-06,0.0115,0,10.6,0.0015418800000000005,10.564250000000001,3.9e-06,2.9691154,10.24,61,0.0039246,0.0061,39.246,0.00580324,1.3e-06,0.0053333,0,3.05,0.0018786399999999998,1.9623000000000002,1.3e-06,2.6881987,1.9475,19,0.0019654,0.0019,19.654,0.001576915,4e-07,0.0023077,0,0.95,0.000486315,0.9827,3e-07,-1.2653532,1.1475,7,0.0014406,0.0007,14.406,0.00061816,1e-07,0.00175,0,0.35,0.0008783799999999998,0.7203,0.0,4.7378025,0.4275,2,0.0002401,0.0002,2.4010000000000002,0.000326645,0.0,0.001,0,0.1,0.000125595,0.12005,0.0,0,0.09,0,1.39e-05,0.0,0.139,0.0,0.0,0.0,0,0.0,1.3900000000000008e-05,0.0069500000000000004,0.0,0,0.0,0,1.5e-06,0.0,0.015000000000000001,0.0,0.0,0.0,0,0.0,1.4999999999999996e-06,0.00075,0.0,0,0.0,10000
Simulation 32,5015,0.5011774,0.5015,5011.774,0.5031186400000001,6.3e-06,0.010000000000000009,0,250.75,0.0024160499999999973,250.5887,4.2e-06,0.3572473,85.4875,4222,0.422569,0.4222,4225.69,0.42427522000000006,4.9e-06,0.010749999999999982,0,211.1,0.002037530000000012,211.28449999999998,3.6e-06,1.2677741,69.69,448,0.047539,0.0448,475.39,0.042275725,1.8e-06,0.004400000000000001,0,22.4,0.0052632749999999996,23.7695,1.8e-06,0.2735613,15.54,215,0.0211285,0.0215,211.28500000000003,0.021715215000000003,4.5e-06,0.010133299999999998,0,10.75,0.0011894549999999994,10.564250000000001,3.4e-06,3.3863826,13.6875,74,0.0039246,0.0074,39.246,0.006912150000000001,8e-07,0.0038332999999999996,0,3.7,0.00298755,1.9623000000000002,8e-07,-2.1957321,2.51,16,0.0019654,0.0016,19.654,0.001097245,2e-07,0.0016,0,0.8,0.000868155,0.9827,2e-07,-2.3047662,0.66,5,0.0014406,0.0005,14.406,0.000208385,0.0,0.0005263,0,0.25,0.0012322149999999996,0.7203,0.0,0,0.1875,4,0.0002401,0.0004,2.4010000000000002,0.00022096,0.0,0.0005714,0,0.2,0.00019191000000000002,0.12005,0.0,0,0.26,1,1.39e-05,0.0001,0.139,0.00017643500000000001,0.0,0.0005,0,0.05,0.00016670499999999998,0.0069500000000000004,0.0,0,0.0475,0,1.5e-06,0.0,0.015000000000000001,0.0,0.0,0.0,0,0.0,1.4999999999999996e-06,0.00075,0.0,0,0.0,10000
Simulation 33,4965,0.5011774,0.4965,5011.774,0.498345665,6.07e-05,0.04133330000000002,2,248.25,0.005953515000000001,250.5887,3.33e-05,3.7946781,110.4875,4230,0.422569,0.423,4225.69,0.4179880349999999,0.0001356,0.05333330000000003,2,211.5,0.005996614999999999,211.28449999999998,0.0001207,-3.6207943,156.05,478,0.047539,0.0478,475.39,0.04787574,2.9e-06,0.00825,0,23.9,0.0010159000000000008,23.7695,2e-06,2.524899,25.69,227,0.0211285,0.0227,211.28500000000003,0.024949325,4.9e-06,0.007777799999999998,0,11.35,0.0038208249999999986,10.564250000000001,4.9e-06,1.0904158,8.9275,59,0.0039246,0.0059,39.246,0.0062746899999999994,8e-07,0.0027692000000000003,0,2.95,0.00235009,1.9623000000000002,8e-07,1.1701639,1.2475,30,0.0019654,0.003,19.654,0.002997065,1e-07,0.0016000000000000003,0,1.5,0.0010316650000000002,0.9827,1e-07,1.5595066,1.55,5,0.0014406,0.0005,14.406,0.00093264,2e-07,0.0015,0,0.25,0.00061984,0.7203,0.0,1.4354944,0.1875,5,0.0002401,0.0005,2.4010000000000002,0.0004854050000000001,0.0,0.001,0,0.25,0.0002693149999999999,0.12005,0.0,0,0.2875,1,1.39e-05,0.0001,0.139,0.00015143499999999998,0.0,0.0004,0,0.05,0.00014309499999999998,0.0069500000000000004,0.0,0,0.0475,0,1.5e-06,0.0,0.015000000000000001,0.0,0.0,0.0,0,0.0,1.4999999999999996e-06,0.00075,0.0,0,0.0,10000
Simulation 34,5006,0.5011774,0.5006,5011.774,0.5020447600000002,3.08e-05,0.023230799999999996,1,250.3,0.004194519999999996,250.5887,1.4e-05,1.180193,106.51,4239,0.422569,0.4239,4225.69,0.424516455,4.78e-05,0.03384619999999999,1,211.95,0.004868625000000013,211.28449999999998,2.79e-05,-3.1370951,88.5475,445,0.047539,0.0445,475.39,0.041974449999999996,9.2e-06,0.010333299999999997,2,22.25,0.005564549999999998,23.7695,9.2e-06,-1.4001143,28.0875,200,0.0211285,0.02,211.28500000000003,0.018169985,1.7e-06,0.0034000000000000002,0,10.0,0.002958515000000002,10.564250000000001,1.7e-06,0.2869218,12.0,68,0.0039246,0.0068,39.246,0.007670315,1.4e-06,0.00525,0,3.4,0.003745715,1.9623000000000002,1.4e-06,2.9857461,2.64,30,0.0019654,0.003,19.654,0.004547125000000001,4.9e-06,0.0091765,1,1.5,0.002581725,0.9827,4.9e-06,2.5688193,2.45,9,0.0014406,0.0009,14.406,0.000745265,0.0,0.001,0,0.45,0.0006953349999999999,0.7203,0.0,0,0.3475,2,0.0002401,0.0002,2.4010000000000002,0.000326645,0.0,0.001,0,0.1,0.000125595,0.12005,0.0,0,0.09,1,1.39e-05,0.0001,0.139,5e-06,0.0,0.0001,0,0.05,1.7510000000000007e-05,0.0069500000000000004,0.0,0,0.0475,0,1.5e-06,0.0,0.015000000000000001,0.0,0.0,0.0,0,0.0,1.4999999999999996e-06,0.00075,0.0,0,0.0,10000
Simulation 35,4976,0.5011774,0.4976,5011.774,0.4939401849999999,2.69e-05,0.01723809999999998,5,248.8,0.0072372149999999965,250.5887,2.69e-05,-1.3932156,110.16,4232,0.422569,0.4232,4225.69,0.42690239499999993,3.39e-05,0.021166699999999983,4,211.6,0.0048185150000000145,211.28449999999998,2.95e-05,1.3200292,85.44,468,0.047539,0.0468,475.39,0.04491794,3.1e-06,0.005480499999999999,0,23.4,0.002621059999999998,23.7695,3.1e-06,-0.605627,18.94,212,0.0211285,0.0212,211.28500000000003,0.02227881,4.6e-06,0.010666700000000001,0,10.6,0.0016760099999999993,10.564250000000001,3.1e-06,-0.4783199,9.14,83,0.0039246,0.0083,39.246,0.009351595,2e-07,0.0017000000000000001,0,4.15,0.005426994999999999,1.9623000000000002,2e-07,-0.3571903,3.8275,19,0.0019654,0.0019,19.654,0.0018674400000000002,5e-07,0.0025714,0,0.95,0.0003928,0.9827,3e-07,-2.0235517,1.0475,9,0.0014406,0.0009,14.406,0.0004818599999999999,1e-07,0.0009474,0,0.45,0.0009587399999999998,0.7203,1e-07,-0.4367778,0.3475,1,0.0002401,0.0001,2.4010000000000002,0.00025977,1e-07,0.001,0,0.05,0.00015582999999999998,0.12005,0.0,0.8317435,0.0475,0,1.39e-05,0.0,0.139,0.0,0.0,0.0,0,0.0,1.3900000000000008e-05,0.0069500000000000004,0.0,0,0.0,0,1.5e-06,0.0,0.015000000000000001,0.0,0.0,0.0,0,0.0,1.4999999999999996e-06,0.00075,0.0,0,0.0,10000
Simulation 36,4999,0.5011774,0.4999,5011.774,0.5083069199999999,3.94e-05,0.017433299999999985,8,249.95,0.007397999999999988,250.5887,3.55e-05,0.046339,108.6475,4220,0.422569,0.422,4225.69,0.41261118499999994,4.75e-05,0.022999999999999965,11,211.0,0.009957814999999976,211.28449999999998,4.75e-05,-0.2579138,111.9,478,0.047539,0.0478,475.39,0.04653073499999999,5e-06,0.011999999999999997,0,23.9,0.0017282249999999992,23.7695,3e-06,1.5863338,21.79,208,0.0211285,0.0208,211.28500000000003,0.021634964999999996,7e-07,0.002999999999999999,0,10.4,0.0007856249999999995,10.564250000000001,3e-07,-0.0771985,5.74,70,0.0039246,0.007,39.246,0.007797685,3.9e-06,0.0097778,1,3.5,0.003873084999999999,1.9623000000000002,3.9e-06,4.1225222,4.75,17,0.0019654,0.0017,19.654,0.0020450650000000004,0.0,0.0009667000000000002,0,0.85,0.00013144500000000005,0.9827,0.0,0,0.4275,7,0.0014406,0.0007,14.406,0.0007136499999999999,1e-07,0.0017778,0,0.35,0.0007828900000000002,0.7203,1e-07,3.2498667,0.5275,1,0.0002401,0.0001,2.4010000000000002,0.00035977000000000003,2e-07,0.0019,0,0.05,0.00023181999999999999,0.12005,2e-07,2.9935986,0.0475,0,1.39e-05,0.0,0.139,0.0,0.0,0.0,0,0.0,1.3900000000000008e-05,0.0069500000000000004,0.0,0,0.0,0,1.5e-06,0.0,0.015000000000000001,0.0,0.0,0.0,0,0.0,1.4999999999999996e-06,0.00075,0.0,0,0.0,10000
Simulation 37,5000,0.5011774,0.5,5011.774,0.510459595,0.0001379,0.03831580000000001,6,250.0,0.009695845000000008,250.5887,0.0001301,1.2069312,100.1,4247,0.422569,0.4247,4225.69,0.40953887,0.0001949,0.04294739999999997,9,212.35,0.013490839999999981,211.28449999999998,0.0001827,-0.9117495,134.2275,448,0.047539,0.0448,475.39,0.04566669999999999,2.5e-06,0.006444399999999996,0,22.4,0.001962839999999998,23.7695,2.2e-06,-0.9529436,18.94,207,0.0211285,0.0207,211.28500000000003,0.022539825,2.8e-06,0.006035100000000002,0,10.35,0.0015353949999999993,10.564250000000001,2.5e-06,1.2651725,9.1275,65,0.0039246,0.0065,39.246,0.0073323550000000005,4e-07,0.002,0,3.25,0.0034077549999999997,1.9623000000000002,4e-07,-0.9055586,3.6875,22,0.0019654,0.0022,19.654,0.00309842,5e-07,0.0028,0,1.1,0.00113302,0.9827,5e-07,1.16484,0.99,11,0.0014406,0.0011,14.406,0.0013642300000000003,6e-07,0.0031667,0,0.55,0.00061607,0.7203,3e-07,2.7843558,0.4475,0,0.0002401,0.0,2.4010000000000002,0.0,0.0,0.0,0,0.0,0.00024009999999999998,0.12005,0.0,0,0.0,0,1.39e-05,0.0,0.139,0.0,0.0,0.0,0,0.0,1.3900000000000008e-05,0.0069500000000000004,0.0,0,0.0,0,1.5e-06,0.0,0.015000000000000001,0.0,0.0,0.0,0,0.0,1.4999999999999996e-06,0.00075,0.0,0,0.0,10000
Simulation 38,5038,0.5011774,0.5038,5011.774,0.5040766399999999,7.91e-05,0.04400000000000004,2,251.9,0.004119159999999997,250.5887,7.05e-05,3.8255624,81.89,4175,0.422569,0.4175,4225.69,0.41928316499999985,6.12e-05,0.04114289999999998,1,208.75,0.004712284999999991,211.28449999999998,4.98e-05,-3.5362091,95.6875,473,0.047539,0.0473,475.39,0.04600851,8.8e-06,0.010272700000000003,0,23.65,0.0021139700000000006,23.7695,6.6e-06,-1.4295275,13.9275,217,0.0211285,0.0217,211.28500000000003,0.021244495000000002,1.5e-06,0.005235299999999998,0,10.85,0.0009065049999999995,10.564250000000001,7e-07,-2.4005128,6.8275,62,0.0039246,0.0062,39.246,0.0062604900000000005,5e-07,0.004,0,3.1,0.0023358899999999993,1.9623000000000002,5e-07,-0.8187205,2.59,21,0.0019654,0.0021,19.654,0.001740005,4e-07,0.0023077,0,1.05,0.000413975,0.9827,3e-07,-2.2690571,0.8475,11,0.0014406,0.0011,14.406,0.0012389750000000002,1e-07,0.001,0,0.55,0.000279445,0.7203,0.0,0.831804,0.3475,2,0.0002401,0.0002,2.4010000000000002,9.824499999999999e-05,0.0,0.0002222,0,0.1,0.00014185499999999998,0.12005,0.0,0,0.09,1,1.39e-05,0.0001,0.139,4.945e-05,0.0,0.0001538,0,0.05,5.222999999999999e-05,0.0069500000000000004,0.0,0,0.0475,0,1.5e-06,0.0,0.015000000000000001,0.0,0.0,0.0,0,0.0,1.4999999999999996e-06,0.00075,0.0,0,0.0,10000
Simulation 39,4964,0.5011774,0.4964,5011.774,0.4902123099999999,2.27e-05,0.016400000000000026,10,248.2,0.01096509,250.5887,2.27e-05,-0.3057154,176.36,4252,0.422569,0.4252,4225.69,0.43193216,3.03e-05,0.019176499999999985,10,212.6,0.009363160000000028,211.28449999999998,3.03e-05,0.3206961,158.14,458,0.047539,0.0458,475.39,0.04556289999999999,4.8e-06,0.0104,0,22.9,0.0026682999999999993,23.7695,1.6e-06,3.2541545,24.69,232,0.0211285,0.0232,211.28500000000003,0.022975584999999996,2.2e-06,0.007066700000000002,0,11.6,0.0021727849999999987,10.564250000000001,9e-07,-2.0775655,11.04,73,0.0039246,0.0073,39.246,0.007400224999999998,2e-07,0.0021817999999999994,0,3.65,0.0034756249999999995,1.9623000000000002,2e-07,-1.3742389,2.5275,14,0.0019654,0.0014,19.654,0.00102101,2e-07,0.0014,0,0.7,0.00094439,0.9827,2e-07,-1.3684892,0.41,6,0.0014406,0.0006,14.406,0.000846355,1e-07,0.0014286,0,0.3,0.000594245,0.7203,1e-07,-0.4839584,0.31,1,0.0002401,0.0001,2.4010000000000002,4.945e-05,0.0,0.0001538,0,0.05,0.00019064999999999997,0.12005,0.0,0,0.0475,0,1.39e-05,0.0,0.139,0.0,0.0,0.0,0,0.0,1.3900000000000008e-05,0.0069500000000000004,0.0,0,0.0,0,1.5e-06,0.0,0.015000000000000001,0.0,0.0,0.0,0,0.0,1.4999999999999996e-06,0.00075,0.0,0,0.0,10000
Simulation 40,4970,0.5011774,0.497,5011.774,0.49598656500000005,9.91e-05,0.0443636,2,248.5,0.005470685,250.5887,9.61e-05,-3.4645539,99.65,4260,0.422569,0.426,4225.69,0.42549461,2.4e-05,0.022666699999999984,1,213.0,0.003284860000000012,211.28449999999998,2.17e-05,3.1436129,84.2,467,0.047539,0.0467,475.39,0.04810373,1.4e-05,0.0152727,1,23.35,0.00221353,23.7695,9.4e-06,2.5824186,19.4275,217,0.0211285,0.0217,211.28500000000003,0.02108753,2.3e-06,0.0068235,0,10.85,0.0010725299999999997,10.564250000000001,1.1e-06,-2.1448373,13.8275,56,0.0039246,0.0056,39.246,0.00577167,2.3e-06,0.0074286000000000005,0,2.8,0.00184707,1.9623000000000002,2.3e-06,4.0161873,1.96,18,0.0019654,0.0018,19.654,0.0022304500000000006,1e-06,0.0045000000000000005,0,0.9,0.0004978599999999999,0.9827,8e-07,3.3705614,0.99,9,0.0014406,0.0009,14.406,0.001149985,5e-07,0.0032308,0,0.45,0.0006024950000000001,0.7203,2e-07,3.8777755,0.3475,2,0.0002401,0.0002,2.4010000000000002,0.00015375,0.0,0.0004,0,0.1,0.00013897999999999997,0.12005,0.0,0,0.19,1,1.39e-05,0.0001,0.139,2.17e-05,0.0,0.0001176,0,0.05,3.0040000000000004e-05,0.0069500000000000004,0.0,0,0.0475,0,1.5e-06,0.0,0.015000000000000001,0.0,0.0,0.0,0,0.0,1.4999999999999996e-06,0.00075,0.0,0,0.0,10000
Simulation 41,4855,0.5011774,0.4855,5011.774,0.48306069499999993,5.59e-05,0.03275,20,242.75,0.018116704999999997,250.5887,5.59e-05,-2.4889478,134.9875,4352,0.422569,0.4352,4225.69,0.43739216999999997,4.22e-05,0.02679999999999999,16,217.6,0.014823170000000028,211.28449999999998,4.22e-05,1.94231,99.94,467,0.047539,0.0467,475.39,0.04720499,1.8e-06,0.005333300000000006,0,23.35,0.0011899400000000004,23.7695,5e-07,0.3131087,24.2275,230,0.0211285,0.023,211.28500000000003,0.022840764999999996,5e-07,0.002999999999999999,0,11.5,0.0017251149999999986,10.564250000000001,4e-07,-0.698701,5.85,67,0.0039246,0.0067,39.246,0.0059140600000000005,1.2e-06,0.004555599999999999,0,3.35,0.0019894599999999993,1.9623000000000002,1.2e-06,1.3159731,4.0275,17,0.0019654,0.0017,19.654,0.0016939099999999999,1e-07,0.0012856999999999999,0,0.85,0.00031389999999999993,0.9827,0.0,-0.1909798,0.7275,8,0.0014406,0.0008,14.406,0.0012798199999999999,2e-07,0.0012000000000000001,0,0.4,0.00040048000000000004,0.7203,0.0,0.7458111,0.24,2,0.0002401,0.0002,2.4010000000000002,0.00027692,0.0,0.0005,0,0.1,0.00011808999999999999,0.12005,0.0,0,0.09,2,1.39e-05,0.0002,0.139,0.00033664499999999995,0.0,0.001,0,0.1,0.000324135,0.0069500000000000004,0.0,0,0.09,0,1.5e-06,0.0,0.015000000000000001,0.0,0.0,0.0,0,0.0,1.4999999999999996e-06,0.00075,0.0,0,0.0,10000
Simulation 42,4931,0.5011774,0.4931,5011.774,0.49465510999999995,2.48e-05,0.027333300000000005,3,246.55,0.007604550000000002,250.5887,9.5e-06,2.0237059,123.5475,4315,0.422569,0.4315,4225.69,0.43291638,1.16e-05,0.014266700000000021,7,215.75,0.010347380000000028,211.28449999999998,1.16e-05,1.4038723,110.3875,444,0.047539,0.0444,475.39,0.041264385,1.23e-05,0.0164,2,22.2,0.006274614999999997,23.7695,1.23e-05,-3.1079364,21.16,218,0.0211285,0.0218,211.28500000000003,0.02194283,7e-07,0.0034444000000000002,0,10.9,0.0008985899999999988,10.564250000000001,5e-07,0.533906,10.89,64,0.0039246,0.0064,39.246,0.006489185,1e-06,0.006,0,3.2,0.002564585,1.9623000000000002,1e-06,1.6526923,2.76,20,0.0019654,0.002,19.654,0.0022443800000000002,1e-07,0.001,0,1.0,0.00027898,0.9827,1e-07,0.8672121,0.9,6,0.0014406,0.0006,14.406,0.00045020499999999996,1e-07,0.0006667,0,0.3,0.000990395,0.7203,1e-07,-0.5824644,0.21,2,0.0002401,0.0002,2.4010000000000002,3.7514999999999996e-05,0.0,0.0002222,0,0.1,0.00020258500000000005,0.12005,0.0,0,0.09,0,1.39e-05,0.0,0.139,0.0,0.0,0.0,0,0.0,1.3900000000000008e-05,0.0069500000000000004,0.0,0,0.0,0,1.5e-06,0.0,0.015000000000000001,0.0,0.0,0.0,0,0.0,1.4999999999999996e-06,0.00075,0.0,0,0.0,10000
Simulation 43,5023,0.5011774,0.5023,5011.774,0.505729645,4.52e-05,0.03169230000000001,2,251.15,0.004656954999999996,250.5887,4.42e-05,3.4369546,141.2275,4205,0.422569,0.4205,4225.69,0.4211798100000001,1.95e-05,0.018333299999999997,1,210.25,0.0036348199999999943,211.28449999999998,8.2e-06,-0.5274442,155.2875,454,0.047539,0.0454,475.39,0.042470975,5.1e-06,0.007400000000000004,0,22.7,0.005068024999999997,23.7695,5.1e-06,-0.8674543,17.91,221,0.0211285,0.0221,211.28500000000003,0.02250804,4.9e-06,0.012,0,11.05,0.0018923899999999984,10.564250000000001,3.2e-06,-0.2127281,9.5475,72,0.0039246,0.0072,39.246,0.00609764,1.3e-06,0.0034999999999999996,0,3.6,0.0021730399999999993,1.9623000000000002,1.3e-06,-0.4474789,2.74,20,0.0019654,0.002,19.654,0.0017090800000000004,3e-07,0.0023333,0,1.0,0.0003762300000000001,0.9827,3e-07,-2.1631714,0.5,4,0.0014406,0.0004,14.406,0.00023792500000000002,0.0,0.0004,0,0.2,0.0012026749999999998,0.7203,0.0,0,0.16,1,0.0002401,0.0001,2.4010000000000002,6.687500000000001e-05,0.0,0.0001818,0,0.05,0.000173225,0.12005,0.0,0,0.0475,0,1.39e-05,0.0,0.139,0.0,0.0,0.0,0,0.0,1.3900000000000008e-05,0.0069500000000000004,0.0,0,0.0,0,1.5e-06,0.0,0.015000000000000001,0.0,0.0,0.0,0,0.0,1.4999999999999996e-06,0.00075,0.0,0,0.0,10000
Simulation 44,4972,0.5011774,0.4972,5011.774,0.49251905499999993,2.49e-05,0.0243158,4,248.6,0.008658344999999998,250.5887,2.49e-05,-2.7736075,103.44,4248,0.422569,0.4248,4225.69,0.4273359149999999,7.1e-06,0.008365100000000014,0,212.4,0.004766915000000033,211.28449999999998,7.1e-06,0.578981,133.04,447,0.047539,0.0447,475.39,0.046151645,6e-06,0.011333299999999998,0,22.35,0.002258984999999999,23.7695,2.8e-06,0.3195985,33.9275,208,0.0211285,0.0208,211.28500000000003,0.021540805,6.5e-06,0.012,1,10.4,0.0012272550000000004,10.564250000000001,5.2e-06,4.0066356,6.74,91,0.0039246,0.0091,39.246,0.008499119999999997,5e-07,0.004,0,4.55,0.00457452,1.9623000000000002,5e-07,-1.8256761,3.4475,23,0.0019654,0.0023,19.654,0.00211264,1e-07,0.0012381000000000002,0,1.15,0.00029353,0.9827,0.0,-1.0545954,0.7275,11,0.0014406,0.0011,14.406,0.00184081,8e-07,0.0029,0,0.55,0.0005733599999999999,0.7203,6e-07,1.7651291,0.5475,0,0.0002401,0.0,2.4010000000000002,0.0,0.0,0.0,0,0.0,0.00024009999999999998,0.12005,0.0,0,0.0,0,1.39e-05,0.0,0.139,0.0,0.0,0.0,0,0.0,1.3900000000000008e-05,0.0069500000000000004,0.0,0,0.0,0,1.5e-06,0.0,0.015000000000000001,0.0,0.0,0.0,0,0.0,1.4999999999999996e-06,0.00075,0.0,0,0.0,10000
Simulation 45,4948,0.5011774,0.4948,5011.774,0.49548154499999997,5.3e-05,0.03750000000000003,2,247.4,0.008178114999999996,250.5887,1.86e-05,4.2251788,140.44,4314,0.422569,0.4314,4225.69,0.42865665500000005,0.0001067,0.0484,8,215.7,0.010001455000000025,211.28449999999998,4.38e-05,-4.0997068,121.01,443,0.047539,0.0443,475.39,0.045220585,2.8e-06,0.006900000000000003,0,22.15,0.002727284999999999,23.7695,7e-07,2.2376116,23.5275,199,0.0211285,0.0199,211.28500000000003,0.018981900000000003,2.3e-06,0.006999999999999999,0,9.95,0.002433750000000001,10.564250000000001,1e-06,1.9201403,6.1475,66,0.0039246,0.0066,39.246,0.008067210000000002,3.6e-06,0.007571400000000001,1,3.3,0.00414261,1.9623000000000002,3.6e-06,2.1928716,2.61,20,0.0019654,0.002,19.654,0.0022263500000000006,2e-07,0.0021111000000000003,0,1.0,0.0002686,0.9827,2e-07,3.5696527,0.7,6,0.0014406,0.0006,14.406,0.00083608,1e-07,0.0014667,0,0.3,0.0006604600000000001,0.7203,0.0,3.0031913,0.21,4,0.0002401,0.0004,2.4010000000000002,0.0005296950000000001,0.0,0.0008889,0,0.2,0.000337615,0.12005,0.0,0,0.16,0,1.39e-05,0.0,0.139,0.0,0.0,0.0,0,0.0,1.3900000000000008e-05,0.0069500000000000004,0.0,0,0.0,0,1.5e-06,0.0,0.015000000000000001,0.0,0.0,0.0,0,0.0,1.4999999999999996e-06,0.00075,0.0,0,0.0,10000
Simulation 46,4986,0.5011774,0.4986,5011.774,0.49424751499999997,5.55e-05,0.029000000000000026,5,249.3,0.007312584999999999,250.5887,5.01e-05,-1.3256348,124.31,4202,0.422569,0.4202,4225.69,0.42458451499999994,4.68e-05,0.027454499999999993,4,210.1,0.004726034999999992,211.28449999999998,2.85e-05,1.6173481,114.29,505,0.047539,0.0505,475.39,0.05236208999999999,6.3e-06,0.010999999999999996,1,25.25,0.004823090000000003,23.7695,6.3e-06,1.1830716,20.8875,204,0.0211285,0.0204,211.28500000000003,0.018935274999999994,3e-06,0.007461500000000001,0,10.2,0.002193225000000001,10.564250000000001,3e-06,-2.5078679,13.06,69,0.0039246,0.0069,39.246,0.006971534999999999,4e-07,0.0024000000000000002,0,3.45,0.0030469349999999997,1.9623000000000002,4e-07,-0.5931881,1.5475,24,0.0019654,0.0024,19.654,0.0023364000000000006,2e-07,0.002,0,1.2,0.0003710000000000001,0.9827,2e-07,2.9086742,0.96,9,0.0014406,0.0009,14.406,0.000520925,2e-07,0.001,0,0.45,0.0009196749999999998,0.7203,2e-07,-0.2882949,0.3475,1,0.0002401,0.0001,2.4010000000000002,4.176000000000001e-05,0.0,0.0001429,0,0.05,0.00019833999999999997,0.12005,0.0,0,0.0475,0,1.39e-05,0.0,0.139,0.0,0.0,0.0,0,0.0,1.3900000000000008e-05,0.0069500000000000004,0.0,0,0.0,0,1.5e-06,0.0,0.015000000000000001,0.0,0.0,0.0,0,0.0,1.4999999999999996e-06,0.00075,0.0,0,0.0,10000
Simulation 47,5001,0.5011774,0.5001,5011.774,0.5038896799999998,4.55e-05,0.0233333,3,250.05,0.004873460000000001,250.5887,2.91e-05,1.4084592,138.6475,4164,0.422569,0.4164,4225.69,0.41384409999999994,6.85e-05,0.031230800000000003,5,208.2,0.008724899999999971,211.28449999999998,6.85e-05,-2.0432428,183.56,501,0.047539,0.0501,475.39,0.04667904500000001,1.44e-05,0.017333300000000003,0,25.05,0.0026166650000000002,23.7695,8.3e-06,-0.1092009,34.1475,221,0.0211285,0.0221,211.28500000000003,0.023086599999999995,1.6e-06,0.0047618999999999995,0,11.05,0.0020138099999999987,10.564250000000001,1.3e-06,-0.2274897,11.0475,82,0.0039246,0.0082,39.246,0.008854385,3.8e-06,0.0085714,1,4.1,0.004929785,1.9623000000000002,3.8e-06,3.0778743,3.59,20,0.0019654,0.002,19.654,0.0024026000000000004,8e-07,0.0041053,0,1.0,0.0004442700000000001,0.9827,7e-07,3.7705251,0.8,7,0.0014406,0.0007,14.406,0.00038630000000000007,0.0,0.0007778,0,0.35,0.0010543000000000002,0.7203,0.0,0,0.4275,4,0.0002401,0.0004,2.4010000000000002,0.0008572750000000002,3e-07,0.0016,0,0.2,0.000617175,0.12005,3e-07,1.4575235,0.16,0,1.39e-05,0.0,0.139,0.0,0.0,0.0,0,0.0,1.3900000000000008e-05,0.0069500000000000004,0.0,0,0.0,0,1.5e-06,0.0,0.015000000000000001,0.0,0.0,0.0,0,0.0,1.4999999999999996e-06,0.00075,0.0,0,0.0,10000
Simulation 48,5003,0.5011774,0.5003,5011.774,0.4953008850000001,2.72e-05,0.024500000000000022,5,250.15,0.007158774999999995,250.5887,1.04e-05,2.5354053,132.6275,4204,0.422569,0.4204,4225.69,0.4247544200000001,5.36e-05,0.03472729999999996,1,210.2,0.005313630000000019,211.28449999999998,3.01e-05,-3.424776,156.96,457,0.047539,0.0457,475.39,0.04672343,1.74e-05,0.022,1,22.85,0.0026138699999999995,23.7695,1.13e-05,4.0482672,22.5275,221,0.0211285,0.0221,211.28500000000003,0.022614395000000002,7.3e-06,0.013333300000000001,0,11.05,0.0023115949999999983,10.564250000000001,4.2e-06,-1.1937991,11.1475,78,0.0039246,0.0078,39.246,0.00756947,3e-07,0.0022500000000000003,0,3.9,0.00364487,1.9623000000000002,3e-07,-1.4580965,2.99,19,0.0019654,0.0019,19.654,0.001324585,2e-07,0.0016,0,0.95,0.000644275,0.9827,2e-07,-0.9512157,1.2475,16,0.0014406,0.0016,14.406,0.001643115,2e-07,0.002,0,0.8,0.00038478500000000006,0.7203,1e-07,1.8518158,0.56,2,0.0002401,0.0002,2.4010000000000002,6.971000000000001e-05,0.0,0.00025,0,0.1,0.00017138,0.12005,0.0,0,0.09,0,1.39e-05,0.0,0.139,0.0,0.0,0.0,0,0.0,1.3900000000000008e-05,0.0069500000000000004,0.0,0,0.0,0,1.5e-06,0.0,0.015000000000000001,0.0,0.0,0.0,0,0.0,1.4999999999999996e-06,0.00075,0.0,0,0.0,10000
Simulation 49,4981,0.5011774,0.4981,5011.774,0.49637082499999996,1.76e-05,0.017000000000000015,3,249.05,0.004806574999999996,250.5887,1.76e-05,-1.9688868,114.7475,4226,0.422569,0.4226,4225.69,0.4233990449999999,5.03e-05,0.030799999999999994,3,211.3,0.004363554999999989,211.28449999999998,3.2e-05,2.6562361,164.11,492,0.047539,0.0492,475.39,0.05100795,1.7e-06,0.005999999999999998,0,24.6,0.003468950000000001,23.7695,1.7e-06,0.044831,23.44,201,0.0211285,0.0201,211.28500000000003,0.019867585,4.9e-06,0.009999999999999998,0,10.05,0.001352865000000001,10.564250000000001,4.7e-06,-2.91398,9.4475,78,0.0039246,0.0078,39.246,0.007697145,7e-07,0.0038096000000000007,0,3.9,0.003772545,1.9623000000000002,7e-07,-1.1807568,2.49,16,0.0019654,0.0016,19.654,0.0013060300000000003,1e-07,0.0016842,0,0.8,0.0006593699999999999,0.9827,1e-07,-3.9562402,0.86,5,0.0014406,0.0005,14.406,0.00033560999999999997,1e-07,0.000625,0,0.25,0.0011049899999999997,0.7203,1e-07,-0.2655024,0.1875,1,0.0002401,0.0001,2.4010000000000002,1.582e-05,0.0,0.0001111,0,0.05,0.00022427999999999996,0.12005,0.0,0,0.0475,0,1.39e-05,0.0,0.139,0.0,0.0,0.0,0,0.0,1.3900000000000008e-05,0.0069500000000000004,0.0,0,0.0,0,1.5e-06,0.0,0.015000000000000001,0.0,0.0,0.0,0,0.0,1.4999999999999996e-06,0.00075,0.0,0,0.0,10000
Simulation 50,5024,0.5011774,0.5024,5011.774,0.505724095,7.3e-06,0.01200000000000001,1,251.2,0.004546695000000006,250.5887,7.3e-06,1.6534182,108.76,4185,0.422569,0.4185,4225.69,0.41346722500000005,1.86e-05,0.020666699999999982,3,209.25,0.009101774999999973,211.28449999999998,1.86e-05,-2.6244627,128.3875,456,0.047539,0.0456,475.39,0.046275689999999994,6.2e-06,0.009333300000000003,0,22.8,0.00208141,23.7695,3.5e-06,-0.7851522,30.26,213,0.0211285,0.0213,211.28500000000003,0.022713179999999996,9e-06,0.013600000000000001,1,10.65,0.0017260899999999985,10.564250000000001,8.5e-06,3.3478801,14.4275,84,0.0039246,0.0084,39.246,0.00781247,6e-07,0.004,0,4.2,0.0038878700000000003,1.9623000000000002,6e-07,0.7049004,4.66,21,0.0019654,0.0021,19.654,0.0024897900000000004,4e-07,0.0021111000000000003,0,1.05,0.00053204,0.9827,4e-07,1.5458499,0.7475,13,0.0014406,0.0013,14.406,0.0013005799999999997,1e-07,0.001,0,0.65,0.0002532900000000001,0.7203,0.0,1.1373746,0.3275,4,0.0002401,0.0004,2.4010000000000002,0.00021696500000000003,0.0,0.0004444,0,0.2,0.000124515,0.12005,0.0,0,0.16,0,1.39e-05,0.0,0.139,0.0,0.0,0.0,0,0.0,1.3900000000000008e-05,0.0069500000000000004,0.0,0,0.0,0,1.5e-06,0.0,0.015000000000000001,0.0,0.0,0.0,0,0.0,1.4999999999999996e-06,0.00075,0.0,0,0.0,10000
